Buy_ID,Sell_ID,Price,Quantity
a53abcda-ab69-447e-92cf-d334f7a0df6e,8ad128d3-a34f-4e43-8931-b3a424097a00,107,1
a53abcda-ab69-447e-92cf-d334f7a0df6e,77ac8651-ef98-4820-be3d-6323695e2fe2,90,7
a53abcda-ab69-447e-92cf-d334f7a0df6e,8e92945b-6456-480a-bf51-604dd2cb029f,101,10
ccf70d86-45a7-458b-97b3-5e8abbe27548,8e92945b-6456-480a-bf51-604dd2cb029f,101,3
ccf70d86-45a7-458b-97b3-5e8abbe27548,874bf32b-9873-4bc1-bcf0-c2e711ee685f,91,2
f4a4dfe2-9c9b-4f69-856f-ed8771e80774,874bf32b-9873-4bc1-bcf0-c2e711ee685f,91,5
8e229b01-c335-40e1-a28f-f197766d0932,874bf32b-9873-4bc1-bcf0-c2e711ee685f,91,13
8e229b01-c335-40e1-a28f-f197766d0932,28b3637c-1231-4d55-89b5-d13eebf902c0,97,4
8e229b01-c335-40e1-a28f-f197766d0932,03770405-76c3-4ef9-83b8-b7faa7dcc137,95,2
c569646b-1b07-4138-a844-6992cde70143,03770405-76c3-4ef9-83b8-b7faa7dcc137,95,7
c569646b-1b07-4138-a844-6992cde70143,a38efd88-66c0-4caa-b853-384afa92703e,96,1
a6079328-d4f6-43d2-9048-b39c1fd7b9b0,a38efd88-66c0-4caa-b853-384afa92703e,96,3
cab76e2a-516d-43df-ba81-3dda8a02a0fe,a38efd88-66c0-4caa-b853-384afa92703e,96,1
7b8e9592-3922-47f0-98d0-e3bd11ae7dc3,79d225b0-c9ca-4597-a2bc-afc188eccf80,91,7
e30aaea2-9960-4fe9-adf1-44edc5f5a49e,79d225b0-c9ca-4597-a2bc-afc188eccf80,91,5
e30aaea2-9960-4fe9-adf1-44edc5f5a49e,145bc120-14fa-417b-9f75-cc8ce3290bde,92,5
74bd5007-7bc4-421b-9b6a-cb9c09f36201,f24d70b2-1778-4dbd-9af7-e862d3b479ea,98,8
8293b97a-3be4-4fed-9782-4e99390322aa,8425335f-3657-4042-8220-3dd1da00eb61,96,8
74bd5007-7bc4-421b-9b6a-cb9c09f36201,8425335f-3657-4042-8220-3dd1da00eb61,96,9
e30aaea2-9960-4fe9-adf1-44edc5f5a49e,8425335f-3657-4042-8220-3dd1da00eb61,96,1
af923c30-ef43-4a63-aa0b-9ab0e1f457f4,a0fbd616-f7bf-48fd-aec9-5f85bb8d3286,96,9
e30aaea2-9960-4fe9-adf1-44edc5f5a49e,a0fbd616-f7bf-48fd-aec9-5f85bb8d3286,96,4
4d093f1a-e200-4c7c-ae32-a876f2e01341,a0fbd616-f7bf-48fd-aec9-5f85bb8d3286,96,4
4d093f1a-e200-4c7c-ae32-a876f2e01341,d11906f1-608f-42fe-8d21-4c825cf8154f,92,6
069cf343-4c12-4747-8c57-496e54a40f8b,d11906f1-608f-42fe-8d21-4c825cf8154f,92,2
c6405270-4391-482c-b24b-2cdd76bb4a44,37d2809a-697b-46eb-8681-1354a3fd959a,93,17
069cf343-4c12-4747-8c57-496e54a40f8b,37d2809a-697b-46eb-8681-1354a3fd959a,93,2
069cf343-4c12-4747-8c57-496e54a40f8b,afbbfa74-af15-44c5-9816-7081f5f86472,93,9
069cf343-4c12-4747-8c57-496e54a40f8b,44fe0eaf-0cdf-434b-b93d-ba1f86d03b0a,97,3
cab76e2a-516d-43df-ba81-3dda8a02a0fe,44fe0eaf-0cdf-434b-b93d-ba1f86d03b0a,97,3
cab76e2a-516d-43df-ba81-3dda8a02a0fe,7bb21c96-4a2c-47d4-b2c9-29b6ee0365b9,96,6
36f2ab6d-e995-49ac-a7c9-a124ff4ceae3,7bb21c96-4a2c-47d4-b2c9-29b6ee0365b9,96,5
77b79259-48be-4895-a8e7-1b7096b73596,e46e7417-2186-4627-a313-91ad23828939,101,2
36f2ab6d-e995-49ac-a7c9-a124ff4ceae3,b71ccfe1-84d0-45b4-865d-6cedc33442fb,95,15
e7fd24ba-a237-4a45-a794-fa753989d66b,e46e7417-2186-4627-a313-91ad23828939,101,14
45b70d38-a372-4fa2-9b1f-eafef8fb03d2,4b94799e-c1ed-4783-80d0-74da34801c2b,96,1
45b70d38-a372-4fa2-9b1f-eafef8fb03d2,256ab56a-28d2-4c9d-b48a-860635484da3,91,4
7a90f55a-aeb4-4ae2-a85d-ba843d42aefe,256ab56a-28d2-4c9d-b48a-860635484da3,91,10
428f14f7-eae9-4101-b4cc-c724a942959d,5f07853d-c313-4839-be35-604fb2b6d163,100,11
428f14f7-eae9-4101-b4cc-c724a942959d,fe6e442a-d9f9-467c-b581-38a2a027ef9c,97,2
cee174af-69e2-4680-a1c8-77f54b2a7189,fe6e442a-d9f9-467c-b581-38a2a027ef9c,97,4
54014546-192b-4b7b-840f-bffd23547e44,fe6e442a-d9f9-467c-b581-38a2a027ef9c,97,9
54014546-192b-4b7b-840f-bffd23547e44,e46e7417-2186-4627-a313-91ad23828939,101,4
54014546-192b-4b7b-840f-bffd23547e44,4331261f-801d-40b1-994b-65cfdff40c38,102,6
0a3c6420-f8b5-4f45-8a07-57b16a2045e7,6f9ce8e1-6164-4337-bab7-c78c5504ee7c,93,11
d1a8f7f3-be5e-4ad2-af8e-908f88ef66f0,4331261f-801d-40b1-994b-65cfdff40c38,102,4
ffb15187-fd8a-45d8-a143-f1e74a12a5b6,bfe13a0a-cee3-48f0-9c55-036537a48f63,98,7
82352bab-2472-4024-b2f3-458b6f996671,bfe13a0a-cee3-48f0-9c55-036537a48f63,98,7
82352bab-2472-4024-b2f3-458b6f996671,4331261f-801d-40b1-994b-65cfdff40c38,102,4
9bc33877-aaff-479e-9511-98c4bfa86d00,4331261f-801d-40b1-994b-65cfdff40c38,102,6
9bc33877-aaff-479e-9511-98c4bfa86d00,01953611-54a5-4fea-86ff-9a99656c8762,103,11
2af1dc48-346a-4288-b11e-f6d4d17926c6,248c45ec-999a-4eb8-b354-4fa5eafbd7c6,100,3
c09ea691-0d88-4693-8382-997ce91a9d27,248c45ec-999a-4eb8-b354-4fa5eafbd7c6,100,5
c09ea691-0d88-4693-8382-997ce91a9d27,01953611-54a5-4fea-86ff-9a99656c8762,103,9
e2f7a856-d507-423c-9b39-f1fff1280f2a,1e9d8fa0-495e-4df7-a62a-8e88d83a406b,104,8
e2f7a856-d507-423c-9b39-f1fff1280f2a,fe210db1-8104-450f-b8fd-827647a604cd,104,11
1826409b-960a-4a8c-ab38-d75f20721787,fe210db1-8104-450f-b8fd-827647a604cd,104,2
1826409b-960a-4a8c-ab38-d75f20721787,f7d572a8-e8e2-4d35-a9a1-a87db0e9d70b,104,9
c41d210f-de20-4020-99eb-dc2ac082e68a,f7d572a8-e8e2-4d35-a9a1-a87db0e9d70b,104,7
c41d210f-de20-4020-99eb-dc2ac082e68a,44ccb902-92e5-47c9-8380-6ccfd559a033,105,1
0a3c6420-f8b5-4f45-8a07-57b16a2045e7,49e46f53-5606-475e-a283-8b38639463f0,91,3
2c6bbc1a-fb10-418d-a72c-8b3ece715437,49e46f53-5606-475e-a283-8b38639463f0,91,4
070c1ce3-dcde-4036-9489-be03fe30209c,44ccb902-92e5-47c9-8380-6ccfd559a033,105,2
070c1ce3-dcde-4036-9489-be03fe30209c,105ae74f-8691-4181-a8e9-8fa1d82ceb5d,105,10
a2335ccd-6ecf-4cfd-a5a7-45bf4fa3f485,105ae74f-8691-4181-a8e9-8fa1d82ceb5d,105,2
a2335ccd-6ecf-4cfd-a5a7-45bf4fa3f485,bfad1178-99f0-46e0-bffe-a985f5440854,106,9
870e3beb-5a87-40a6-9509-3b25289d8ff6,d0c66614-9e96-473f-badc-29816fcd153c,105,7
870e3beb-5a87-40a6-9509-3b25289d8ff6,bfad1178-99f0-46e0-bffe-a985f5440854,106,5
870e3beb-5a87-40a6-9509-3b25289d8ff6,8f79ea10-cdff-40ff-a537-f1b667f2c999,106,1
7cae8bd6-4aeb-4708-9584-130b31dd94f3,bc379b99-a2c1-428f-aa58-280591298954,104,6
d6d7b379-2aac-44ff-b9dc-3d54d33e7949,15b848d1-7285-4e35-99dc-e2c26ddded03,95,9
d6d7b379-2aac-44ff-b9dc-3d54d33e7949,46a4bb95-6cff-46c6-9c9a-2cd8530a91d6,90,3
a9d4fa82-c55b-4aeb-9ce1-9b0445454543,46a4bb95-6cff-46c6-9c9a-2cd8530a91d6,90,14
496601b6-298e-4c1a-933a-c827e2672e29,8dc7229c-6052-4729-980d-a9ebb882f2d8,101,3
645ca489-1152-431c-adf4-d22c1c098868,500ea8de-6b79-4225-833c-4a076c9e55ad,93,13
36b7b44b-8e7e-48ed-9af7-6cb4ac13a71f,475e9d77-641c-4e0e-bd2e-db67b2dd82d7,100,13
8b69c10b-4da6-413f-8fee-4d744c987dd7,475e9d77-641c-4e0e-bd2e-db67b2dd82d7,100,5
8b69c10b-4da6-413f-8fee-4d744c987dd7,8dc7229c-6052-4729-980d-a9ebb882f2d8,101,5
a9d4fa82-c55b-4aeb-9ce1-9b0445454543,c47b2757-773b-4b6f-ac6b-b60038ab0a8d,96,4
5367ed4c-148d-418e-9e55-018768b8a440,c47b2757-773b-4b6f-ac6b-b60038ab0a8d,96,5
5367ed4c-148d-418e-9e55-018768b8a440,c4b64d75-5ae0-4403-b6e7-0fe878563c6d,97,7
da58322e-0071-42a1-a542-5d56dae5f743,c4b64d75-5ae0-4403-b6e7-0fe878563c6d,97,1
12d6f1e1-31fb-45bd-8cb5-b167df9c1ccd,7046d233-c8d5-41c7-9b1b-d58fe4ad8fff,91,14
34229256-f1ba-4330-9843-ada400d64041,8dc7229c-6052-4729-980d-a9ebb882f2d8,101,9
39dfc854-3dac-4abf-9025-3b5d67669373,bc379b99-a2c1-428f-aa58-280591298954,104,6
39dfc854-3dac-4abf-9025-3b5d67669373,32a310ec-4804-478a-926b-d00c53a56e92,104,3
39dfc854-3dac-4abf-9025-3b5d67669373,8f79ea10-cdff-40ff-a537-f1b667f2c999,106,1
34229256-f1ba-4330-9843-ada400d64041,a94546ad-40aa-41d9-8a2f-6c9ba43ab831,92,5
c996ab65-2462-4b89-9e94-8a97790298db,a94546ad-40aa-41d9-8a2f-6c9ba43ab831,92,3
da58322e-0071-42a1-a542-5d56dae5f743,a94546ad-40aa-41d9-8a2f-6c9ba43ab831,92,4
0dd853aa-1746-42af-895e-0893edc56a5a,a94546ad-40aa-41d9-8a2f-6c9ba43ab831,92,1
0dd853aa-1746-42af-895e-0893edc56a5a,916606d7-285d-425a-9f04-44751cf7a2ae,91,7
2c6bbc1a-fb10-418d-a72c-8b3ece715437,916606d7-285d-425a-9f04-44751cf7a2ae,91,7
e6e99f72-1c74-4256-8c36-43dab4d1eb6c,916606d7-285d-425a-9f04-44751cf7a2ae,91,2
ad1b33b5-622d-47a6-a879-37bff5d1d611,4f0ce8e1-2e1a-4949-8d24-6c585ee77f6c,94,5
8bf2a2f6-4a5f-4d74-8409-1463901c8d58,4f0ce8e1-2e1a-4949-8d24-6c585ee77f6c,94,14
204a0e70-17bf-4f38-aa12-8bbac51223e2,c60e7f21-0256-4c0c-a4cc-f6230f2518e7,100,8
28899264-5a12-45c7-995b-25f6cdc02361,1f63394b-261b-4057-b482-9329c415b99d,102,2
204a0e70-17bf-4f38-aa12-8bbac51223e2,365a7b43-7d76-4f32-8c3a-d632c7f367a2,93,2
8bf2a2f6-4a5f-4d74-8409-1463901c8d58,365a7b43-7d76-4f32-8c3a-d632c7f367a2,93,4
ba7f0063-df41-44a0-bd37-6a193e6db600,365a7b43-7d76-4f32-8c3a-d632c7f367a2,93,5
280a8e98-6701-4d38-8d10-c68e379d5aeb,88da3ec2-5974-4fd3-95fb-981d08ea784d,96,11
ba7f0063-df41-44a0-bd37-6a193e6db600,102ae17c-237c-427f-95e1-1c100fb095b4,93,11
da21d3a0-8850-4276-9ffa-8b8e00860f7a,102ae17c-237c-427f-95e1-1c100fb095b4,93,5
58672f30-3215-4f1d-97a5-eedf49c75edb,88da3ec2-5974-4fd3-95fb-981d08ea784d,96,8
58672f30-3215-4f1d-97a5-eedf49c75edb,0cc47085-1235-49ca-adf2-50e088aa50f9,96,10
58672f30-3215-4f1d-97a5-eedf49c75edb,f3c0a7e6-1679-480a-b4c0-539ab9ebe9ee,98,1
f3e479bc-20a5-45d7-848c-8a58c19e1018,f3c0a7e6-1679-480a-b4c0-539ab9ebe9ee,98,9
62a4faa2-2699-4333-86be-2e75dcbe6dcc,f3c0a7e6-1679-480a-b4c0-539ab9ebe9ee,98,4
62a4faa2-2699-4333-86be-2e75dcbe6dcc,1f63394b-261b-4057-b482-9329c415b99d,102,1
62a4faa2-2699-4333-86be-2e75dcbe6dcc,3ae3490d-7046-4925-bab6-648559dc5c8a,103,11
da21d3a0-8850-4276-9ffa-8b8e00860f7a,e74aa0f4-faf8-4c98-81ac-943378c3c56e,94,5
da21d3a0-8850-4276-9ffa-8b8e00860f7a,1aa51b6a-cb57-47d6-9674-e443505ea313,92,3
a90c40db-7ab8-4c49-a4b3-0d7d07a5e4f8,1aa51b6a-cb57-47d6-9674-e443505ea313,92,9
a90c40db-7ab8-4c49-a4b3-0d7d07a5e4f8,33f40e8c-3998-4506-9ebd-e88fe5bc31b5,92,5
a0d17e78-285f-4b41-94fb-5f3a43a190a3,33f40e8c-3998-4506-9ebd-e88fe5bc31b5,92,4
7b57bc13-2e9d-4040-abbf-f6fd322db826,6cb7d49a-d840-4e24-8a6d-2ccdfd5017d4,98,6
21565423-e99b-4266-9ce2-565d1cd838b4,95d5ec27-2580-45c9-a695-cf729571d4d8,90,11
e7f7b5fb-83c4-4a6a-8ba6-cf834f9add7e,6cb7d49a-d840-4e24-8a6d-2ccdfd5017d4,98,7
e7f7b5fb-83c4-4a6a-8ba6-cf834f9add7e,4cb99dfd-4f60-47d1-8377-796300881697,95,4
e7f7b5fb-83c4-4a6a-8ba6-cf834f9add7e,69dc54c9-8747-4ebb-9b40-7805c5c89cef,93,3
21565423-e99b-4266-9ce2-565d1cd838b4,69dc54c9-8747-4ebb-9b40-7805c5c89cef,93,5
5d4d36d9-d4fe-4d0b-8543-5f239683ad96,69dc54c9-8747-4ebb-9b40-7805c5c89cef,93,6
5a8bd777-2c07-476d-8809-ffe722d3332d,69dc54c9-8747-4ebb-9b40-7805c5c89cef,93,1
f061f714-4573-4fa2-a9ba-f6f81fdc3d4a,69dc54c9-8747-4ebb-9b40-7805c5c89cef,93,5
9f732bfc-f2a2-4eb9-becd-c887c6cfc285,461a401c-b36a-48c1-84fc-b51f70e813ff,97,8
d2a0b762-8ca3-4de2-a9fb-d026f2c4b44c,461a401c-b36a-48c1-84fc-b51f70e813ff,97,1
d2a0b762-8ca3-4de2-a9fb-d026f2c4b44c,50bdbae7-2695-4f94-a69a-858e4876a41a,90,2
31519212-2e72-47f0-9e37-02e39820eaf9,46401830-1d2a-469c-b98a-9396094f9899,100,5
31519212-2e72-47f0-9e37-02e39820eaf9,c3a159d3-24d1-44ab-9f77-37cd5ca87bf8,100,2
0a91b957-4352-4500-929c-c62b12a43801,c3a159d3-24d1-44ab-9f77-37cd5ca87bf8,100,5
0a91b957-4352-4500-929c-c62b12a43801,cae6cabf-2112-431e-b834-8d57d2355a7c,101,8
48853337-bf3a-44f5-8e1b-9c4466fb0276,cae6cabf-2112-431e-b834-8d57d2355a7c,101,2
d2a0b762-8ca3-4de2-a9fb-d026f2c4b44c,efa6ae4e-4c80-416b-a5db-7de438e7a03d,93,6
f061f714-4573-4fa2-a9ba-f6f81fdc3d4a,efa6ae4e-4c80-416b-a5db-7de438e7a03d,93,4
a16144f6-98e0-4e30-8ce1-2f22c57dc9a2,efa6ae4e-4c80-416b-a5db-7de438e7a03d,93,7
463db7ac-10af-4e15-affb-6eb9160d7f7c,d8d87287-33b4-4ae4-a67d-191a33c2a280,94,17
86920666-6558-4f95-afc7-b2ff831542b2,cae6cabf-2112-431e-b834-8d57d2355a7c,101,3
86920666-6558-4f95-afc7-b2ff831542b2,8a3c11a5-f1c3-4e6c-9cda-19f9647279d5,101,7
463db7ac-10af-4e15-affb-6eb9160d7f7c,e90e7c4a-f539-4328-b127-5e737686a245,91,1
c57c3776-de6e-413e-adf1-e83c6ae78784,e90e7c4a-f539-4328-b127-5e737686a245,91,1
a16144f6-98e0-4e30-8ce1-2f22c57dc9a2,e90e7c4a-f539-4328-b127-5e737686a245,91,5
54e393fa-4f17-475f-a050-fecb4e13643b,e90e7c4a-f539-4328-b127-5e737686a245,91,9
8405d805-e797-491d-afb8-baba8956123e,e90e7c4a-f539-4328-b127-5e737686a245,91,3
32ceed81-8a09-4cbb-ada5-2d09344e3cf6,8a3c11a5-f1c3-4e6c-9cda-19f9647279d5,101,8
32ceed81-8a09-4cbb-ada5-2d09344e3cf6,6630f517-0dc0-41a4-8e0a-b016737c95a2,102,8
8405d805-e797-491d-afb8-baba8956123e,d3079747-6584-4575-86f0-f1567718c8e5,91,2
f5299c71-c15b-4da2-9133-f6cedf7c2829,d3079747-6584-4575-86f0-f1567718c8e5,91,10
fd9bab83-0656-4fb0-b1f0-af9cbd9a2d31,d3079747-6584-4575-86f0-f1567718c8e5,91,6
5e875870-e571-4fca-91f6-d4975ffed56e,1ff70766-e562-400c-b1e3-2b07c7fb1380,100,2
4c946d4b-3bb2-4ac9-9f6b-e9a94711c8e9,6630f517-0dc0-41a4-8e0a-b016737c95a2,102,3
5e875870-e571-4fca-91f6-d4975ffed56e,376f85d6-c488-4eed-be4b-d38ab867effd,90,7
ba7ce27f-8dd0-495b-820a-6b52d81a65f4,376f85d6-c488-4eed-be4b-d38ab867effd,90,3
ba7ce27f-8dd0-495b-820a-6b52d81a65f4,063d1b69-1ed2-4fa4-8392-a896355231c1,91,1
66c91066-269c-4cbd-9146-b5e197b8b357,063d1b69-1ed2-4fa4-8392-a896355231c1,91,5
64982e1b-f05f-4240-a5ab-62e67f13313a,450e1166-206b-4ef3-97ac-525b6b7a1769,101,7
5020fbaa-d494-4e22-8738-58ac8940791d,450e1166-206b-4ef3-97ac-525b6b7a1769,101,11
e6d11b15-728a-4748-a8ca-4011d8a6528b,979de16e-9ef8-4d5a-bd36-071291a2f236,97,6
ddd3fed3-6fb8-4d57-b018-7a617e833803,979de16e-9ef8-4d5a-bd36-071291a2f236,97,2
a7713846-de90-4326-a966-db11d5a05084,979de16e-9ef8-4d5a-bd36-071291a2f236,97,7
bf00a5f1-3724-4cf6-ae1e-1dd9a253dd61,979de16e-9ef8-4d5a-bd36-071291a2f236,97,1
b0dc4a22-9670-4448-aa3e-5a0cec0f877c,979de16e-9ef8-4d5a-bd36-071291a2f236,97,3
b0dc4a22-9670-4448-aa3e-5a0cec0f877c,5c493884-6fd7-4958-baa0-810fff19e7ef,96,5
00032edf-b6a8-4d61-8581-9446fb144bb6,5c493884-6fd7-4958-baa0-810fff19e7ef,96,3
cf72b8cf-e546-4acc-8341-e309e8c6981f,80ba2ea3-6b58-4447-a21e-143e7f9f2f05,96,7
00032edf-b6a8-4d61-8581-9446fb144bb6,80ba2ea3-6b58-4447-a21e-143e7f9f2f05,96,6
fcd24d86-0e58-4b8f-afa4-d30684a96587,450e1166-206b-4ef3-97ac-525b6b7a1769,101,1
fcd24d86-0e58-4b8f-afa4-d30684a96587,6630f517-0dc0-41a4-8e0a-b016737c95a2,102,3
fcd24d86-0e58-4b8f-afa4-d30684a96587,a45ed804-a660-41be-a4c6-ecc7150ce4ad,102,13
eeb9e1a0-ab71-45ec-ab67-a1b01a234094,a45ed804-a660-41be-a4c6-ecc7150ce4ad,102,3
eeb9e1a0-ab71-45ec-ab67-a1b01a234094,47eeb41a-0927-4b29-ab49-f3f88514ae32,102,15
bb789c94-5baf-4c1c-9620-7993f2be97c0,e23b1446-1890-406b-a2f7-1238b00f3fbb,94,17
01c3883c-7eee-4116-88e8-5127b500a23c,771f92ac-90ba-40d9-8d59-9b8f834827bd,101,3
01c3883c-7eee-4116-88e8-5127b500a23c,47eeb41a-0927-4b29-ab49-f3f88514ae32,102,2
01c3883c-7eee-4116-88e8-5127b500a23c,cf8974dd-0736-4844-a33f-d0ca0ecdbf76,102,4
bb789c94-5baf-4c1c-9620-7993f2be97c0,f4538976-ef62-42bb-975c-0c5995b86a1c,95,2
00032edf-b6a8-4d61-8581-9446fb144bb6,f4538976-ef62-42bb-975c-0c5995b86a1c,95,8
b75cc064-9684-44fd-9a2d-0fa7110ec6a7,f4538976-ef62-42bb-975c-0c5995b86a1c,95,1
66c91066-269c-4cbd-9146-b5e197b8b357,f4538976-ef62-42bb-975c-0c5995b86a1c,95,8
bbd2007f-db47-4dda-8f0b-d3dab9a5a095,cf8974dd-0736-4844-a33f-d0ca0ecdbf76,102,11
7ac37cb5-1604-407e-bdf9-794919febe42,69dc6352-8cda-4e36-b406-45cc6e9f0ad8,99,2
7ac37cb5-1604-407e-bdf9-794919febe42,cf8974dd-0736-4844-a33f-d0ca0ecdbf76,102,1
7ac37cb5-1604-407e-bdf9-794919febe42,51401f64-da25-4bf7-9648-694f3ba78698,102,7
66c91066-269c-4cbd-9146-b5e197b8b357,f57a441e-f96f-4cb5-a95c-f8d76b43ab5c,93,3
090c81a3-4f40-4b73-bc1b-77e82694c529,51401f64-da25-4bf7-9648-694f3ba78698,102,8
090c81a3-4f40-4b73-bc1b-77e82694c529,fb26b956-8d8b-4358-b7fd-38c9431699d7,102,10
3554bc22-1974-47a4-bb7b-ae0f8683df73,fb26b956-8d8b-4358-b7fd-38c9431699d7,102,2
3554bc22-1974-47a4-bb7b-ae0f8683df73,3ae3490d-7046-4925-bab6-648559dc5c8a,103,5
3554bc22-1974-47a4-bb7b-ae0f8683df73,f21f0b33-d1fc-4da8-af3a-02a11f1f239a,103,8
5b255732-22d3-4010-b17c-0b31ee48fda6,378a1198-b9d9-44cb-ab1c-ac371bf66d29,98,8
5b255732-22d3-4010-b17c-0b31ee48fda6,f21f0b33-d1fc-4da8-af3a-02a11f1f239a,103,5
5b255732-22d3-4010-b17c-0b31ee48fda6,bf61d850-be2f-4066-af21-694c32c51fba,103,7
ce8a72df-1de4-46c7-bddf-c260237bc06e,1fab6db3-d820-413d-8a5f-23ec8d7eb61d,96,3
54796b82-1ed3-47a2-ae42-58d62cf6cfbb,a378dea7-9259-456c-ad26-eb95bf1746aa,102,5
54796b82-1ed3-47a2-ae42-58d62cf6cfbb,154d287e-d004-42e2-9290-787b31addbc7,102,6
ce8a72df-1de4-46c7-bddf-c260237bc06e,5ddbb0d3-4e43-49f3-b119-36db72f49725,92,10
66c91066-269c-4cbd-9146-b5e197b8b357,5ddbb0d3-4e43-49f3-b119-36db72f49725,92,2
22706d80-614c-40c9-9f6e-20c127c23c23,5ddbb0d3-4e43-49f3-b119-36db72f49725,92,5
126b84fc-c4c6-4c39-af46-b5815cb1f025,154d287e-d004-42e2-9290-787b31addbc7,102,3
126b84fc-c4c6-4c39-af46-b5815cb1f025,bf61d850-be2f-4066-af21-694c32c51fba,103,2
126b84fc-c4c6-4c39-af46-b5815cb1f025,d6c492ae-a0f5-4e5b-9b31-9e83c3cc89ce,103,3
46f08758-303b-425c-adae-ab3a1a0de28e,ad8764b9-5792-4c58-9282-659760ef06d2,93,5
c3ee228a-61fd-49dd-89a5-351d5f7eba1a,ad8764b9-5792-4c58-9282-659760ef06d2,93,5
04affd59-8a7b-4548-8e14-9f4daf1efc39,ad8764b9-5792-4c58-9282-659760ef06d2,93,5
22706d80-614c-40c9-9f6e-20c127c23c23,29215df7-987f-486b-92a7-6c70bbb7755b,95,9
7c8cfb78-8075-485c-b343-04522b8e7618,29215df7-987f-486b-92a7-6c70bbb7755b,95,3
6d33fc4a-b2be-46ed-97a9-b3f629920362,29215df7-987f-486b-92a7-6c70bbb7755b,95,6
6d33fc4a-b2be-46ed-97a9-b3f629920362,0cf53fe9-8512-40a9-8c9f-8b5ea0e129a7,97,4
f6fde238-fa68-4812-bdd1-6098a76ff785,0cf53fe9-8512-40a9-8c9f-8b5ea0e129a7,97,1
ca797e81-1470-4ce6-866f-eed0c6c4249f,0cf53fe9-8512-40a9-8c9f-8b5ea0e129a7,97,8
44370f88-faf9-44d6-b594-471a818fe5fb,0cf53fe9-8512-40a9-8c9f-8b5ea0e129a7,97,5
44370f88-faf9-44d6-b594-471a818fe5fb,a784f7f5-c046-4566-97ae-4da65aaa7854,101,1
fd9bab83-0656-4fb0-b1f0-af9cbd9a2d31,06386fdd-06f5-489f-8de4-89477b4ef807,92,4
fd9bab83-0656-4fb0-b1f0-af9cbd9a2d31,ea06de55-d1e2-4eb9-a323-1cca6892967b,93,8
f88a158c-c754-4c41-ae24-91f026d048f4,a784f7f5-c046-4566-97ae-4da65aaa7854,101,4
f88a158c-c754-4c41-ae24-91f026d048f4,192c6bd2-31fc-42c3-a59b-512a4c2de363,102,6
f88a158c-c754-4c41-ae24-91f026d048f4,9ab2f763-1c85-4c1d-b617-bd6528a76f75,102,4
f88a158c-c754-4c41-ae24-91f026d048f4,d6c492ae-a0f5-4e5b-9b31-9e83c3cc89ce,103,4
45d60c5a-3993-4b4d-a5e7-0325c5fa73bd,7b6412e1-cd5a-4bd9-b2a8-a496b992154b,96,8
8012734e-b8d4-4865-8059-26a29e668180,7b6412e1-cd5a-4bd9-b2a8-a496b992154b,96,11
24b0c2d3-3f9a-4205-97d6-5cb88648a7dc,12505890-a937-4ccc-a57c-915ef988ac04,92,5
03f13c6f-70e8-424e-b889-0c86f2f26de8,12505890-a937-4ccc-a57c-915ef988ac04,92,13
8012734e-b8d4-4865-8059-26a29e668180,12505890-a937-4ccc-a57c-915ef988ac04,92,2
8012734e-b8d4-4865-8059-26a29e668180,4fa36d63-f804-4496-8e4a-b91c98fed628,94,4
fd9bab83-0656-4fb0-b1f0-af9cbd9a2d31,4fa36d63-f804-4496-8e4a-b91c98fed628,94,2
377a919e-5a49-4f07-b14d-5ea30dcb6069,4fa36d63-f804-4496-8e4a-b91c98fed628,94,3
377a919e-5a49-4f07-b14d-5ea30dcb6069,792d7e8d-0c05-4877-883f-8cd35f8d3167,91,2
20b39c54-e538-4b6e-add4-015588549956,792d7e8d-0c05-4877-883f-8cd35f8d3167,91,9
961cdaf6-f919-435d-810e-c9cb42238be0,f3360651-c6c5-4184-bfa9-1407a66b2681,97,6
20b39c54-e538-4b6e-add4-015588549956,408f6447-7b97-4d56-9709-89b63c6799d2,90,2
277fb376-9c9f-42c7-bc3f-d5797e790e85,408f6447-7b97-4d56-9709-89b63c6799d2,90,8
c2381886-a406-4d50-a21a-b3a7eac7715c,f3360651-c6c5-4184-bfa9-1407a66b2681,97,12
25d5a325-478b-43df-8f01-b5729cae05b7,f3360651-c6c5-4184-bfa9-1407a66b2681,97,2
25d5a325-478b-43df-8f01-b5729cae05b7,b6660acb-a88f-4092-861b-c65ea9f41120,102,11
0e15c545-f592-4a20-b96b-7d269f6f3f9d,2dc0fd01-2f2c-4e68-a931-00fba1f51d89,101,2
0e15c545-f592-4a20-b96b-7d269f6f3f9d,e7a504d1-818b-4c40-96dd-a09786a69e99,104,1
6360bc36-aa07-48bf-8f8a-b93c7ad9d552,470d9e48-8154-4e87-83c4-f45beeb77d55,93,9
277fb376-9c9f-42c7-bc3f-d5797e790e85,470d9e48-8154-4e87-83c4-f45beeb77d55,93,5
7786480c-0699-4bb8-a29a-79fb09018155,470d9e48-8154-4e87-83c4-f45beeb77d55,93,5
a0f249d1-0707-45b1-8078-350a1ad95594,e7a504d1-818b-4c40-96dd-a09786a69e99,104,9
a0f249d1-0707-45b1-8078-350a1ad95594,ee17d75a-efe5-4607-8bcc-6c5bb4872476,104,11
7786480c-0699-4bb8-a29a-79fb09018155,e3948e99-a976-4b3f-953c-8a9beff6efef,93,2
8254493b-62b3-4ea7-9907-abc3aaeb992b,ee17d75a-efe5-4607-8bcc-6c5bb4872476,104,2
8826aa6a-c31f-46d1-9b37-d019c0d163c9,ee17d75a-efe5-4607-8bcc-6c5bb4872476,104,3
8826aa6a-c31f-46d1-9b37-d019c0d163c9,46165739-68aa-42e6-99d9-5ac8f2a81cbf,104,12
7786480c-0699-4bb8-a29a-79fb09018155,872eb84c-26b3-4f5b-aa5c-8297aecec454,90,5
b3738c00-2f55-4dc1-83f8-5c6523292ef8,872eb84c-26b3-4f5b-aa5c-8297aecec454,90,6
34f2ce47-aae8-4d9b-961c-eeeff437c70a,c8289b02-7e07-4b4f-a346-0cb1e2ded06c,96,15
34f2ce47-aae8-4d9b-961c-eeeff437c70a,d538a735-2478-4af8-9117-eac9d4d4d9f0,104,2
a9b36324-4dd7-4aad-86f5-66f4e058d1d0,d538a735-2478-4af8-9117-eac9d4d4d9f0,104,9
7b25c101-9152-488a-8ae7-f4542e2ffb8e,d538a735-2478-4af8-9117-eac9d4d4d9f0,104,4
7b25c101-9152-488a-8ae7-f4542e2ffb8e,ca33352e-b401-4e0a-8973-3cb197d28927,101,7
10541626-3e9b-47c8-81bf-2e8f9b00dbcc,ca33352e-b401-4e0a-8973-3cb197d28927,101,5
e1524b83-7f1a-44bc-b2da-9ab016df1a5a,ca33352e-b401-4e0a-8973-3cb197d28927,101,3
e1524b83-7f1a-44bc-b2da-9ab016df1a5a,286efdca-3065-4250-9100-1c420a1e14a2,101,3
e1524b83-7f1a-44bc-b2da-9ab016df1a5a,f3ab5920-2d27-4e36-b057-b19dc644b24c,100,6
cb3e0a88-c6d5-47fc-b191-b38d32c5327d,f3ab5920-2d27-4e36-b057-b19dc644b24c,100,8
cb3e0a88-c6d5-47fc-b191-b38d32c5327d,8fc8ee81-afc3-4796-862c-d91a73988d7e,94,1
9b1b9bd3-0de8-4bd3-b1ba-2c11254fee5f,8fc8ee81-afc3-4796-862c-d91a73988d7e,94,14
52bcc8ae-da48-4ccc-88cd-caf648699614,52d69c8e-5ec0-4729-ba14-00d1bf9ff790,99,15
af8af686-6ba8-4c6a-8ba5-8b627cd2def3,320fe229-1eb2-4552-a982-58fb9ba43792,101,9
af8af686-6ba8-4c6a-8ba5-8b627cd2def3,f77213d8-e908-4270-9259-a3ea7e20fd41,91,10
52bcc8ae-da48-4ccc-88cd-caf648699614,f77213d8-e908-4270-9259-a3ea7e20fd41,91,5
c374d716-8c64-49e4-993e-41f2286bac68,f77213d8-e908-4270-9259-a3ea7e20fd41,91,1
c374d716-8c64-49e4-993e-41f2286bac68,61710886-e29f-4815-9475-4a3f43ec8864,95,9
c374d716-8c64-49e4-993e-41f2286bac68,da1f3074-7e6e-48cd-9365-d639ea9b7f08,95,7
2fbc4a57-7a08-4a3c-97e4-9808d0a88a24,da1f3074-7e6e-48cd-9365-d639ea9b7f08,95,6
bc4c2d0c-9c5b-427a-ada7-e6da76e596b3,da1f3074-7e6e-48cd-9365-d639ea9b7f08,95,2
63418600-c2e0-48da-9975-59fc8441d367,3acec03b-9554-4c53-a4f1-ddf278e748e9,105,6
bc4c2d0c-9c5b-427a-ada7-e6da76e596b3,d6c75e05-077c-4ae6-ae88-2311b48308f8,90,11
4b754e1c-de2c-448d-892d-b54131715950,d6c75e05-077c-4ae6-ae88-2311b48308f8,90,7
4b754e1c-de2c-448d-892d-b54131715950,58147da3-a74d-4643-8b02-5d5ad52ea300,94,9
4b754e1c-de2c-448d-892d-b54131715950,fdac9f54-fe31-4f92-ab20-09ce7ebf0756,93,1
9b1b9bd3-0de8-4bd3-b1ba-2c11254fee5f,fdac9f54-fe31-4f92-ab20-09ce7ebf0756,93,1
f4a3c634-95c6-4df1-94e0-567b4f5824ac,1c84ca4c-1661-41e3-9eae-8cd35c3deeb1,95,20
9b1b9bd3-0de8-4bd3-b1ba-2c11254fee5f,3266622d-a9e1-482a-bc8d-bf8d6da11f84,92,2
c2bd59c5-b4c3-4354-aefc-3bf1ebe964d0,3266622d-a9e1-482a-bc8d-bf8d6da11f84,92,12
81358907-941f-464a-bc59-ad47128dc68e,e05eea42-3770-4b25-b171-0579960c3a59,93,8
72c91a34-4580-4bc1-b2e2-f38668e88237,345cb488-13bb-469d-a0e0-328fbd87a39c,96,1
891a2c3a-0e2e-4407-845a-1e987c4160a1,345cb488-13bb-469d-a0e0-328fbd87a39c,96,11
891a2c3a-0e2e-4407-845a-1e987c4160a1,b6fff9ae-ab8c-4f61-99c7-b673fc0a83f2,99,6
6c41fdc8-24a5-4ee6-ae8c-e77b9a2c4bb4,9e0b21b3-5ec3-4be6-82ee-5b9c8984d142,97,15
81358907-941f-464a-bc59-ad47128dc68e,521ce51a-ffd9-4368-b84a-fc2cac73f92c,94,1
fa8377a3-d34a-4604-8f02-86cd47bbd8a9,9e0b21b3-5ec3-4be6-82ee-5b9c8984d142,97,1
fa8377a3-d34a-4604-8f02-86cd47bbd8a9,b6fff9ae-ab8c-4f61-99c7-b673fc0a83f2,99,13
0443a3fa-2b27-4f53-bf68-386bea118948,b6fff9ae-ab8c-4f61-99c7-b673fc0a83f2,99,1
0443a3fa-2b27-4f53-bf68-386bea118948,abe99210-4b85-45bb-b2a7-6adf15d3b578,99,14
0443a3fa-2b27-4f53-bf68-386bea118948,09e9ed91-f22a-4c5f-8cce-27fde1dc67d2,99,3
bb0f280f-0233-4998-b06f-caa0ba50a0ef,09e9ed91-f22a-4c5f-8cce-27fde1dc67d2,99,1
bb0f280f-0233-4998-b06f-caa0ba50a0ef,ea18873d-3948-4653-975a-ddfd0a563ee9,99,1
e91bd747-9c55-4e04-a139-46ee081452a1,b6361577-eb8d-44aa-bf06-b532f6bdd0e2,92,13
df81169c-bd65-4d75-a153-e17d11a32d61,ea18873d-3948-4653-975a-ddfd0a563ee9,99,3
056ea954-19c3-434e-b6cb-8552a944f87b,ea18873d-3948-4653-975a-ddfd0a563ee9,99,10
c06af7bf-4bae-4c45-be71-a8582e09732b,af2ac2c9-efdd-4d4d-a6f4-712a19f90abc,93,14
e91bd747-9c55-4e04-a139-46ee081452a1,af2ac2c9-efdd-4d4d-a6f4-712a19f90abc,93,2
c2bd59c5-b4c3-4354-aefc-3bf1ebe964d0,af2ac2c9-efdd-4d4d-a6f4-712a19f90abc,93,2
c2bd59c5-b4c3-4354-aefc-3bf1ebe964d0,50de480b-c23b-4f89-ba76-505115647a8f,91,6
c1701e0c-fdd8-4f9f-a859-0182127536ac,50de480b-c23b-4f89-ba76-505115647a8f,91,7
b3738c00-2f55-4dc1-83f8-5c6523292ef8,50de480b-c23b-4f89-ba76-505115647a8f,91,2
b3738c00-2f55-4dc1-83f8-5c6523292ef8,6f3ef981-d388-4d14-ba01-530c60ba89d4,91,2
29395e46-f4e2-4d56-be5e-aeb88c64a571,9b76e30c-73d3-4ee4-9222-644db0a86e95,98,17
03d2b6ae-3ce4-4a04-8c62-40171f93b0db,53563a98-97c7-44b6-b534-8d62531e6d9b,97,8
ce583bad-f7cb-435a-b9ec-8c1f29aa6c05,53563a98-97c7-44b6-b534-8d62531e6d9b,97,8
ce583bad-f7cb-435a-b9ec-8c1f29aa6c05,9b76e30c-73d3-4ee4-9222-644db0a86e95,98,1
ce583bad-f7cb-435a-b9ec-8c1f29aa6c05,ea18873d-3948-4653-975a-ddfd0a563ee9,99,1
fc2897af-387f-42a3-8d70-75a4f3fe9578,f3338228-28c9-4734-bde8-73bd966e3e5f,98,2
fc2897af-387f-42a3-8d70-75a4f3fe9578,ea18873d-3948-4653-975a-ddfd0a563ee9,99,5
fc2897af-387f-42a3-8d70-75a4f3fe9578,a6efeb40-a2a7-47f1-be2c-64617123d781,100,2
09c9ebf1-58bc-41a0-be57-5c3931a9c715,a6efeb40-a2a7-47f1-be2c-64617123d781,100,2
09c9ebf1-58bc-41a0-be57-5c3931a9c715,dc8d51a3-629a-490f-b921-1f3146f2b003,100,16
6450d393-987e-4497-9725-5aceb337f94e,080765a2-6dfc-405a-82d1-fecccd4617a1,93,3
e224b161-57fa-4e39-8692-6ae3c4ce0027,ca9682d3-c330-4ba4-a719-6c996ee4e183,100,8
e224b161-57fa-4e39-8692-6ae3c4ce0027,427df498-0d64-485a-9fb9-661399f378da,102,1
e224b161-57fa-4e39-8692-6ae3c4ce0027,4ffd69b8-0320-478a-b269-e6448f8964f3,103,3
e224b161-57fa-4e39-8692-6ae3c4ce0027,9b69ffee-2f9d-41b9-bb15-5416fb67f141,103,4
262d9fb1-d2a6-4764-ab60-3db75a739f81,cfd1ec64-42ab-4991-a196-0e1c75fcfb52,99,2
262d9fb1-d2a6-4764-ab60-3db75a739f81,9b69ffee-2f9d-41b9-bb15-5416fb67f141,103,11
6450d393-987e-4497-9725-5aceb337f94e,1445be1c-9c0a-4332-8c93-4fad894e4ed5,94,2
6450d393-987e-4497-9725-5aceb337f94e,ead45527-0682-41cf-93cd-3f6b22802bcd,94,14
9ae93943-04bf-4bbb-ae2d-3db86fc45484,ead45527-0682-41cf-93cd-3f6b22802bcd,94,6
619735c6-1f94-4b66-bcc1-7f7d760662db,363da355-5c6c-477c-a681-47806ea300f4,99,4
619735c6-1f94-4b66-bcc1-7f7d760662db,9b69ffee-2f9d-41b9-bb15-5416fb67f141,103,4
41b8e2fd-d74f-48a9-a592-67f662c6e8fa,d0d2af7c-73a9-4035-bc79-5d290ae2eab3,102,5
1e6b0239-792e-45b4-9625-8b0ba695834c,d0d2af7c-73a9-4035-bc79-5d290ae2eab3,102,4
1df19e8f-f431-43f2-a86b-251e0c78ecaf,2654e55a-507f-4998-a72f-f106b02cc8da,93,7
890d5c78-c875-489f-b0e8-68f99cd94965,2654e55a-507f-4998-a72f-f106b02cc8da,93,1
890d5c78-c875-489f-b0e8-68f99cd94965,20dd39d2-f9df-40c3-8e90-aa1fb99448b7,95,3
890d5c78-c875-489f-b0e8-68f99cd94965,51be105a-31f6-4d85-ac0a-b04cf2e89acf,98,14
890d5c78-c875-489f-b0e8-68f99cd94965,d20c9563-f296-4de1-ba67-c5f9b1ca8747,98,2
2dec3449-d453-4189-9a99-d103f072983b,d20c9563-f296-4de1-ba67-c5f9b1ca8747,98,16
2dec3449-d453-4189-9a99-d103f072983b,035f4cab-5a2f-453d-9bc1-0201c7cb4d6d,97,2
e80ceb16-6f6a-447f-9a1e-3a5a2d18a46c,2be0a46c-b204-4ab0-a497-85fee6aa0172,90,3
c778ab9e-0230-4809-87e7-c2b1f123371a,d0d2af7c-73a9-4035-bc79-5d290ae2eab3,102,5
c778ab9e-0230-4809-87e7-c2b1f123371a,66868072-d4b6-45fb-b732-a233cb17e7b3,102,5
40e27890-0251-4b74-ad20-e528bc6ce307,b8c7f71e-013d-4339-b961-8c5785ea85dc,93,5
94a537a4-66a1-4e60-bb45-ab9f2b833be2,b8c7f71e-013d-4339-b961-8c5785ea85dc,93,4
e80ceb16-6f6a-447f-9a1e-3a5a2d18a46c,b8c7f71e-013d-4339-b961-8c5785ea85dc,93,4
0dcc4edc-2216-454c-bbca-b50bc208b8b8,b8c7f71e-013d-4339-b961-8c5785ea85dc,93,4
0dcc4edc-2216-454c-bbca-b50bc208b8b8,2231740c-2892-4285-a9fe-031da56b0b24,93,10
b09d1630-ed99-476b-9560-28ab2ddf8abe,66868072-d4b6-45fb-b732-a233cb17e7b3,102,4
b09d1630-ed99-476b-9560-28ab2ddf8abe,f5ab31e2-e6b1-4a0c-bbf3-29637ef08889,102,2
d2c3c0a0-1768-495a-b687-565383a2f4b8,f5ab31e2-e6b1-4a0c-bbf3-29637ef08889,102,1
d2c3c0a0-1768-495a-b687-565383a2f4b8,b2b4c9f0-46f5-4eeb-915e-0fc02d331fea,102,3
d2c3c0a0-1768-495a-b687-565383a2f4b8,ff0e62fa-3cd0-4849-af8b-8cdb5e84e294,102,4
db178773-4f1e-4ab1-ae9d-74c2da5cfaaa,ff0e62fa-3cd0-4849-af8b-8cdb5e84e294,102,9
8dd8ce02-925b-4d57-beac-ac1df3e6aa93,ff0e62fa-3cd0-4849-af8b-8cdb5e84e294,102,3
8dd8ce02-925b-4d57-beac-ac1df3e6aa93,dd351098-d51d-43b5-8992-1c69295d7b6c,102,9
0c33bddb-da89-4218-8223-4f21dac5a0df,dd351098-d51d-43b5-8992-1c69295d7b6c,102,2
0c33bddb-da89-4218-8223-4f21dac5a0df,45e573db-1af1-4d6b-b18c-1e4e52621929,102,2
0c33bddb-da89-4218-8223-4f21dac5a0df,22492d87-6da5-49cd-ac3f-c091ac23691b,102,3
37f89730-f692-4e9d-b9bf-46bc544ff0ec,d2fe5004-7b5b-4912-b0e1-c5dfaac9edd8,94,5
8cf85ad7-6b75-4a99-b3f4-dbf9cd2f5948,d2fe5004-7b5b-4912-b0e1-c5dfaac9edd8,94,3
5c2e9363-b947-4edf-9f57-c8883313b032,d2fe5004-7b5b-4912-b0e1-c5dfaac9edd8,94,4
0dcc4edc-2216-454c-bbca-b50bc208b8b8,d2fe5004-7b5b-4912-b0e1-c5dfaac9edd8,94,6
9ae93943-04bf-4bbb-ae2d-3db86fc45484,d2fe5004-7b5b-4912-b0e1-c5dfaac9edd8,94,2
b34f2fd6-752f-496c-b6cb-2a7510411639,c1234955-c0c3-440c-a161-9d65ed3ded52,100,2
9ae93943-04bf-4bbb-ae2d-3db86fc45484,46a55ea6-e951-4aa0-9ee4-7ebccf39777d,92,2
0700414a-905d-46ba-9ea8-bc99385dadfc,46a55ea6-e951-4aa0-9ee4-7ebccf39777d,92,17
4e000f74-2383-4ae5-975b-7ab2cf6c5bcb,46a55ea6-e951-4aa0-9ee4-7ebccf39777d,92,1
55c7f380-2abc-4e12-aaaa-9886e7025c1e,c1234955-c0c3-440c-a161-9d65ed3ded52,100,1
55c7f380-2abc-4e12-aaaa-9886e7025c1e,df5c5511-57f9-47d4-a421-886de7f8d874,101,3
66ca25a7-50bf-4c4b-b08f-fd5ec948e9c6,a2cd1bb9-39c1-4864-8016-d8e03ad2f01d,97,12
66ca25a7-50bf-4c4b-b08f-fd5ec948e9c6,df5c5511-57f9-47d4-a421-886de7f8d874,101,6
8e9a23b6-45fc-4c8c-ac93-8f24afca36c9,df5c5511-57f9-47d4-a421-886de7f8d874,101,1
8e9a23b6-45fc-4c8c-ac93-8f24afca36c9,5d331620-58ce-4f82-b38e-2a01d5f07c5f,101,1
62b909bb-2b80-410b-bad1-7ffb96787f16,5d331620-58ce-4f82-b38e-2a01d5f07c5f,101,5
1fc0fa41-0053-484e-86f9-419024dc8f8d,c76644f6-6b72-4fe7-bd3e-3ab89963dc44,97,6
